UserName,Email,Phone
Alice Johnson,alice.johnson@example.com,555-0101
Bob Smith,bob.smith@example.com,555-0102
Charlie Brown,charlie.brown@example.com,555-0103
David Williams,david.williams@example.com,555-0104
Eve Davis,eve.davis@example.com,555-0105
Frank Miller,frank.miller@example.com,555-0106
Grace Lee,grace.lee@example.com,555-0107
Hannah Taylor,hannah.taylor@example.com,555-0108
Ian Moore,ian.moore@example.com,555-0109
Jack Thomas,jack.thomas@example.com,555-0110
Karen White,karen.white@example.com,555-0111
Leo Harris,leo.harris@example.com,555-0112
Megan Clark,megan.clark@example.com,555-0113
Nina Lewis,nina.lewis@example.com,555-0114
Oliver Walker,oliver.walker@example.com,555-0115
Paul Young,paul.young@example.com,555-0116
Quinn King,quinn.king@example.com,555-0117
Rachel Scott,rachel.scott@example.com,555-0118
Sam Adams,sam.adams@example.com,555-0119
Tracy Nelson,tracy.nelson@example.com,555-0120
Ursula Carter,ursula.carter@example.com,555-0121
Victor Mitchell,victor.mitchell@example.com,555-0122
Wendy Perez,wendy.perez@example.com,555-0123
Xander Gonzalez,xander.gonzalez@example.com,555-0124
Yvonne Roberts,yvonne.roberts@example.com,555-0125
Zachary Evans,zachary.evans@example.com,555-0126
Amelia Green,amelia.green@example.com,555-0127
Benjamin Adams,benjamin.adams@example.com,555-0128
Catherine Hall,catherine.hall@example.com,555-0129
Daniel Moore,daniel.moore@example.com,555-0130
Ella Carter,ella.carter@example.com,555-0131
Finn Scott,finn.scott@example.com,555-0132
Gina Allen,gina.allen@example.com,555-0133
Harry Walker,harry.walker@example.com,555-0134
Isla Brown,isla.brown@example.com,555-0135
Jackie Lee,jackie.lee@example.com,555-0136
Kyle Harris,kyle.harris@example.com,555-0137
Lana White,lana.white@example.com,555-0138
Miles Thomas,miles.thomas@example.com,555-0139
Naomi Miller,naomi.miller@example.com,555-0140
Oscar Lewis,oscar.lewis@example.com,555-0141
Penny Hall,penny.hall@example.com,555-0142
Quincy Davis,quincy.davis@example.com,555-0143
Rachel Young,rachel.young@example.com,555-0144
Steven Allen,steven.allen@example.com,555-0145
Tina Clark,tina.clark@example.com,555-0146
Ulysses Perez,ulysses.perez@example.com,555-0147
Vera Mitchell,vera.mitchell@example.com,555-0148
Walter Gonzalez,walter.gonzalez@example.com,555-0149
Xena Roberts,xena.roberts@example.com,555-0150
